{
  "station_code": "ND",
  "model_type": "RandomForestClassifier",
  "n_training_samples": 128,
  "n_test_samples": 32,
  "top1_accuracy": 0.875,
  "top3_accuracy": 1.0,
  "feature_importance": {
    "destination_encoded": 0.4552326083585577,
    "hour_of_day": 0.29220586106805235,
    "minutes_since_track_used": 0.1863362279916018,
    "day_of_week": 0.04023741354640837,
    "line_code_encoded": 0.025987889035379717,
    "is_amtrak": 0.0
  },
  "per_track_metrics": {
    "1": {
      "precision": 0.75,
      "recall": 0.6,
      "f1-score": 0.6666666666666666,
      "support": 5.0
    },
    "2": {
      "precision": 0.7692307692307693,
      "recall": 1.0,
      "f1-score": 0.8695652173913043,
      "support": 10.0
    },
    "3": {
      "precision": 1.0,
      "recall": 0.8823529411764706,
      "f1-score": 0.9375,
      "support": 17.0
    },
    "accuracy": 0.875,
    "macro avg": {
      "precision": 0.8397435897435898,
      "recall": 0.8274509803921569,
      "f1-score": 0.8245772946859903,
      "support": 32.0
    },
    "weighted avg": {
      "precision": 0.8888221153846154,
      "recall": 0.875,
      "f1-score": 0.8739526721014492,
      "support": 32.0
    }
  }
}