{
  "station_code": "NP",
  "model_type": "RandomForestClassifier",
  "n_training_samples": 293,
  "n_test_samples": 74,
  "top1_accuracy": 0.8243243243243243,
  "top3_accuracy": 1.0,
  "feature_importance": {
    "line_code_encoded": 0.32807121141107787,
    "destination_encoded": 0.30224179132308515,
    "hour_of_day": 0.13542784200781025,
    "minutes_since_track_used": 0.10414347999722912,
    "is_amtrak": 0.0777176638322172,
    "day_of_week": 0.05239801142858047
  },
  "per_track_metrics": {
    "1": {
      "precision": 0.8947368421052632,
      "recall": 0.8947368421052632,
      "f1-score": 0.8947368421052632,
      "support": 19.0
    },
    "2": {
      "precision": 0.6666666666666666,
      "recall": 0.5,
      "f1-score": 0.5714285714285714,
      "support": 4.0
    },
    "3": {
      "precision": 0.7272727272727273,
      "recall": 0.8421052631578947,
      "f1-score": 0.7804878048780488,
      "support": 19.0
    },
    "4": {
      "precision": 0.875,
      "recall": 0.7777777777777778,
      "f1-score": 0.8235294117647058,
      "support": 27.0
    },
    "5": {
      "precision": 0.8333333333333334,
      "recall": 1.0,
      "f1-score": 0.9090909090909091,
      "support": 5.0
    },
    "accuracy": 0.8243243243243243,
    "macro avg": {
      "precision": 0.7994019138755981,
      "recall": 0.8029239766081873,
      "f1-score": 0.7958547078534997,
      "support": 74.0
    },
    "weighted avg": {
      "precision": 0.8280610155610155,
      "recall": 0.8243243243243243,
      "f1-score": 0.8229152870472813,
      "support": 74.0
    }
  }
}