{
  "station_code": "NY",
  "model_type": "RandomForestClassifier",
  "n_training_samples": 101,
  "n_test_samples": 26,
  "top1_accuracy": 0.11538461538461539,
  "top3_accuracy": 0.38461538461538464,
  "feature_importance": {
    "minutes_since_track_used": 0.2824858012882701,
    "destination_encoded": 0.24044894424845342,
    "hour_of_day": 0.2246583264188314,
    "line_code_encoded": 0.14893291837484696,
    "is_amtrak": 0.05452782710927559,
    "day_of_week": 0.0489461825603225
  },
  "per_track_metrics": {
    "1": {
      "precision": 1.0,
      "recall": 0.16666666666666666,
      "f1-score": 0.2857142857142857,
      "support": 6.0
    },
    "2": {
      "precision": 0.0,
      "recall": 0.0,
      "f1-score": 0.0,
      "support": 3.0
    },
    "3": {
      "precision": 0.0,
      "recall": 0.0,
      "f1-score": 0.0,
      "support": 2.0
    },
    "4": {
      "precision": 0.25,
      "recall": 0.3333333333333333,
      "f1-score": 0.2857142857142857,
      "support": 3.0
    },
    "5": {
      "precision": 0.0,
      "recall": 0.0,
      "f1-score": 0.0,
      "support": 0.0
    },
    "6": {
      "precision": 0.0,
      "recall": 0.0,
      "f1-score": 0.0,
      "support": 2.0
    },
    "7": {
      "precision": 0.0,
      "recall": 0.0,
      "f1-score": 0.0,
      "support": 1.0
    },
    "8": {
      "precision": 0.0,
      "recall": 0.0,
      "f1-score": 0.0,
      "support": 0.0
    },
    "9": {
      "precision": 0.0,
      "recall": 0.0,
      "f1-score": 0.0,
      "support": 1.0
    },
    "10": {
      "precision": 0.0,
      "recall": 0.0,
      "f1-score": 0.0,
      "support": 1.0
    },
    "11": {
      "precision": 0.0,
      "recall": 0.0,
      "f1-score": 0.0,
      "support": 2.0
    },
    "12": {
      "precision": 1.0,
      "recall": 0.5,
      "f1-score": 0.6666666666666666,
      "support": 2.0
    },
    "13": {
      "precision": 0.0,
      "recall": 0.0,
      "f1-score": 0.0,
      "support": 2.0
    },
    "14": {
      "precision": 0.0,
      "recall": 0.0,
      "f1-score": 0.0,
      "support": 1.0
    },
    "15": {
      "precision": 0.0,
      "recall": 0.0,
      "f1-score": 0.0,
      "support": 0.0
    },
    "accuracy": 0.11538461538461539,
    "macro avg": {
      "precision": 0.15,
      "recall": 0.06666666666666667,
      "f1-score": 0.08253968253968254,
      "support": 26.0
    },
    "weighted avg": {
      "precision": 0.33653846153846156,
      "recall": 0.11538461538461539,
      "f1-score": 0.15018315018315015,
      "support": 26.0
    }
  }
}