{
  "model_type": "RandomForestClassifier",
  "n_training_samples": 88,
  "n_test_samples": 23,
  "top1_accuracy": 0.2608695652173913,
  "top3_accuracy": 0.4782608695652174,
  "feature_importance": {
    "minutes_since_platform_used": 0.26810925251093776,
    "minutes_since_track_used": 0.23925362469457553,
    "destination_encoded": 0.16359597523308622,
    "hour_of_day": 0.1362847009416936,
    "line_code_encoded": 0.08968792548775452,
    "day_of_week": 0.05451088885102959,
    "is_amtrak": 0.04855763228092278
  },
  "per_platform_metrics": {
    "1 & 2": {
      "precision": 0.6666666666666666,
      "recall": 0.2857142857142857,
      "f1-score": 0.4,
      "support": 7.0
    },
    "11 & 12": {
      "precision": 0.5,
      "recall": 0.5,
      "f1-score": 0.5,
      "support": 4.0
    },
    "13 & 14": {
      "precision": 0.0,
      "recall": 0.0,
      "f1-score": 0.0,
      "support": 2.0
    },
    "15 & 16": {
      "precision": 0.0,
      "recall": 0.0,
      "f1-score": 0.0,
      "support": 0.0
    },
    "3 & 4": {
      "precision": 0.0,
      "recall": 0.0,
      "f1-score": 0.0,
      "support": 5.0
    },
    "5 & 6": {
      "precision": 0.0,
      "recall": 0.0,
      "f1-score": 0.0,
      "support": 0.0
    },
    "7 & 8": {
      "precision": 0.0,
      "recall": 0.0,
      "f1-score": 0.0,
      "support": 2.0
    },
    "9 & 10": {
      "precision": 0.25,
      "recall": 0.6666666666666666,
      "f1-score": 0.36363636363636365,
      "support": 3.0
    },
    "accuracy": 0.2608695652173913,
    "macro avg": {
      "precision": 0.17708333333333331,
      "recall": 0.18154761904761904,
      "f1-score": 0.15795454545454546,
      "support": 23.0
    },
    "weighted avg": {
      "precision": 0.322463768115942,
      "recall": 0.2608695652173913,
      "f1-score": 0.25612648221343876,
      "support": 23.0
    }
  }
}