{
  "station_code": "PH",
  "model_type": "RandomForestClassifier",
  "n_training_samples": 176,
  "n_test_samples": 44,
  "top1_accuracy": 0.7272727272727273,
  "top3_accuracy": 0.9772727272727273,
  "feature_importance": {
    "destination_encoded": 0.38672281135127134,
    "minutes_since_track_used": 0.2795072508863438,
    "hour_of_day": 0.2567612347322723,
    "day_of_week": 0.07700870303011265,
    "is_amtrak": 0.0,
    "line_code_encoded": 0.0
  },
  "per_track_metrics": {
    "2": {
      "precision": 0.25,
      "recall": 1.0,
      "f1-score": 0.4,
      "support": 1.0
    },
    "3": {
      "precision": 1.0,
      "recall": 1.0,
      "f1-score": 1.0,
      "support": 1.0
    },
    "4": {
      "precision": 0.7058823529411765,
      "recall": 0.7058823529411765,
      "f1-score": 0.7058823529411765,
      "support": 17.0
    },
    "5": {
      "precision": 1.0,
      "recall": 0.8333333333333334,
      "f1-score": 0.9090909090909091,
      "support": 12.0
    },
    "6": {
      "precision": 0.3333333333333333,
      "recall": 0.3333333333333333,
      "f1-score": 0.3333333333333333,
      "support": 3.0
    },
    "7": {
      "precision": 1.0,
      "recall": 1.0,
      "f1-score": 1.0,
      "support": 1.0
    },
    "9": {
      "precision": 0.75,
      "recall": 0.6666666666666666,
      "f1-score": 0.7058823529411765,
      "support": 9.0
    },
    "accuracy": 0.7272727272727273,
    "macro avg": {
      "precision": 0.7198879551820728,
      "recall": 0.7913165266106443,
      "f1-score": 0.722026992615228,
      "support": 44.0
    },
    "weighted avg": {
      "precision": 0.7727272727272727,
      "recall": 0.7272727272727273,
      "f1-score": 0.7423189110354886,
      "support": 44.0
    }
  }
}