{
  "station_code": "TR",
  "model_type": "RandomForestClassifier",
  "n_training_samples": 143,
  "n_test_samples": 36,
  "top1_accuracy": 0.8611111111111112,
  "top3_accuracy": 1.0,
  "feature_importance": {
    "line_code_encoded": 0.34871748346070924,
    "destination_encoded": 0.27922947932501774,
    "is_amtrak": 0.17551680388217125,
    "minutes_since_track_used": 0.09562768431414877,
    "hour_of_day": 0.06116293879301224,
    "day_of_week": 0.03974561022494071
  },
  "per_track_metrics": {
    "1": {
      "precision": 1.0,
      "recall": 0.2857142857142857,
      "f1-score": 0.4444444444444444,
      "support": 7.0
    },
    "2": {
      "precision": 0.7272727272727273,
      "recall": 1.0,
      "f1-score": 0.8421052631578947,
      "support": 8.0
    },
    "4": {
      "precision": 0.8947368421052632,
      "recall": 1.0,
      "f1-score": 0.9444444444444444,
      "support": 17.0
    },
    "5": {
      "precision": 1.0,
      "recall": 1.0,
      "f1-score": 1.0,
      "support": 4.0
    },
    "accuracy": 0.8611111111111112,
    "macro avg": {
      "precision": 0.9055023923444976,
      "recall": 0.8214285714285714,
      "f1-score": 0.8077485380116959,
      "support": 36.0
    },
    "weighted avg": {
      "precision": 0.8896863370547581,
      "recall": 0.8611111111111112,
      "f1-score": 0.8306530214424951,
      "support": 36.0
    }
  }
}